1|Mertz|Meredith|Meredith_Mertz|766-559-6244|882464914_79398|3|
2|Purdy|Alberto|Alberto_Purdy10|757.864.4375 x7343|238612706_87076|2|
3|Jenkins|Mable|Mable_Jenkins79|860.638.8082|238612706_87076|2|
4|Quigley|Norma|Norma_Quigley|893-964-4153|525656728_62652|3|
5|Dickinson|Lee|Lee.Dickinson|856.818.0691|525656728_62652|3|
6|Robel|Nora|Nora.Robel30|(948) 742-6753 x3068|525656728_62652|3|
7|Littel|Gilbert|Gilbert13|816-297-6521 x91267|525656728_62652|3|
8|Fahey|Emmett|Emmett.Fahey4|(573) 687-7130|525656728_62652|3|
9|Collins|Joyce|Joyce56|352-257-7474|525656728_62652|3|
10|Reichel|Doug|Doug_Reichel21|740.402.2876 x2274|394760498_14755|5|
11|Legros|Erick|Erick42|(609) 665-1417 x60439|394760498_14755|5|
12|Hammes|Jorge|Jorge21|(325) 269-1844|394760498_14755|5|
13|Treutel|Norma|Norma.Treutel47|1-462-865-6849 x33812|394760498_14755|5|
14|Abshire|Willie|Willie95|(205) 355-4072|394760498_14755|5|
15|Halvorson|Cathy|Cathy7|1-396-712-9110|394760498_14755|5|
16|Bogan|Maureen|Maureen_Bogan|(724) 330-3131 x378|681804520_70330|1|
17|Hegmann|Nicole|Nicole_Hegmann|1-530-511-4127|681804520_70330|1|
18|Pfeffer|Ernesto|Ernesto.Pfeffer56|1-915-655-2016|681804520_70330|1|
19|Halvorson|Terrence|Terrence.Halvorson14|565.895.9216 x0163|681804520_70330|1|
20|Gutmann|Chelsea|Chelsea_Gutmann88|(600) 244-1752|681804520_70330|1|
21|Weissnat|Silvia|Silvia_Weissnat26|1-459-203-8963|681804520_70330|1|
22|Flatley|Glenn|Glenn.Flatley81|1-917-706-5730 x95858|681804520_70330|1|
23|Reichel|Patrick|Patrick.Reichel|250.973.2585 x077|168848541_45906|2|
24|Metz|Kendra|Kendra21|1-225-536-4105|168848541_45906|2|
25|O'Hara|Charlie|Charlie31|557.866.5215 x603|168848541_45906|2|
26|Gaylord|Carmen|Carmen9|284.760.0617 x665|168848541_45906|2|
27|Jakubowski|Clay|Clay87|752-347-8571 x231|168848541_45906|2|
28|Parker|Jeannie|Jeannie_Parker|417.891.9647|168848541_45906|2|
29|Nolan|Janie|Janie.Nolan|(389) 915-7952 x595|168848541_45906|2|
30|Vandervort|Beth|Beth77|973-983-0087 x26604|168848541_45906|2|
31|Hettinger|Felipe|Felipe34|665.649.0599 x1144|837952312_78009|4|
32|Stanton|Diana|Diana.Stanton|841.946.6485|837952312_78009|4|
33|Zieme|Al|Al.Zieme19|(528) 731-5508 x38141|837952312_78009|4|
34|Stehr|Diana|Diana_Stehr10|593.224.7300 x500|837952312_78009|4|
35|Lang|Salvador|Salvador.Lang79|748-375-6234 x854|837952312_78009|4|
36|McKenzie|Alexis|Alexis_McKenzie|266.422.2952 x502|837952312_78009|4|
37|Gusikowski|Wade|Wade_Gusikowski40|(286) 350-8023|837952312_78009|4|
38|Lesch|Robin|Robin_Lesch74|1-799-714-5282 x064|837952312_78009|4|
39|Huel|Victoria|Victoria_Huel72|457.253.3168 x759|837952312_78009|4|
40|Kemmer|Ana|Ana.Kemmer|(416) 900-0178 x95690|324996333_53584|5|
41|Mills|Pablo|Pablo.Mills10|398-536-9897|324996333_53584|5|
42|Bernhard|Armando|Armando.Bernhard|(258) 307-2312|324996333_53584|5|
43|Schmeler|Lyle|Lyle40|540-540-1126 x101|324996333_53584|5|
44|Dicki|Alfonso|Alfonso.Dicki90|(657) 964-2261 x148|324996333_53584|5|
45|Ferry|Wilbur|Wilbur44|(879) 684-5335 x2844|324996333_53584|5|
46|Bruen|Irvin|Irvin.Bruen92|1-895-259-4013 x62406|324996333_53584|5|
47|Stroman|Courtney|Courtney_Stroman24|458-789-2582 x649|324996333_53584|5|
48|O'Conner|Leon|Leon.OConner|1-458-990-2096 x548|324996333_53584|5|
49|Ebert|Megan|Megan.Ebert79|(574) 507-1120|612040355_29160|1|
50|Goodwin|Ada|Ada_Goodwin|889.340.2758 x7461|612040355_29160|1|
51|Deckow|Bessie|Bessie_Deckow|223.819.2070 x758|612040355_29160|1|
52|Maggio|Toni|Toni.Maggio43|(465) 535-7160 x03574|612040355_29160|1|
53|Hodkiewicz|Emanuel|Emanuel16|(536) 732-5220 x6529|612040355_29160|1|
54|Jakubowski|Robert|Robert14|654-532-7572|612040355_29160|1|
55|Zulauf|Mack|Mack.Zulauf|1-720-256-3007|612040355_29160|1|
56|Hegmann|Denise|Denise.Hegmann77|377-382-8277|612040355_29160|1|
57|Beatty|Reginald|Reginald_Beatty|1-228-948-9834 x55710|612040355_29160|1|
58|Bernier|Neil|Neil.Bernier23|1-277-863-0113 x71412|481144125_61263|4|
59|Towne|Ted|Ted4|1-845-971-8942 x22996|481144125_61263|4|
60|Bode|Angel|Angel6|406.690.0840|481144125_61263|4|
61|Cronin|Edith|Edith3|622.509.8977 x6010|481144125_61263|4|
62|Hermiston|Rosa|Rosa_Hermiston43|281.212.5148|481144125_61263|4|
63|Bashirian|Jacquelyn|Jacquelyn10|716-377-1959|481144125_61263|4|
64|Kulas|Santiago|Santiago78|(570) 936-1421 x76439|481144125_61263|4|
65|Schimmel|Simon|Simon.Schimmel30|(524) 490-9565 x46734|481144125_61263|4|
66|Stokes|Edwin|Edwin52|803-486-4350 x25820|481144125_61263|4|
67|Harris|Floyd|Floyd.Harris|1-200-261-1536|481144125_61263|4|
68|Metz|Matt|Matt0|544-678-3515|481144125_61263|4|
69|Feest|Kayla|Kayla76|(483) 942-7115|768188147_36838|5|
70|Willms|Agnes|Agnes.Willms38|866-267-0471|768188147_36838|5|
71|Schneider|Michael|Michael_Schneider|248.677.2516 x602|768188147_36838|5|
72|Hamill|Andrew|Andrew.Hamill60|1-477-808-7702 x53153|768188147_36838|5|
73|Shanahan|Jessica|Jessica.Shanahan|361-821-1632|768188147_36838|5|
74|Bruen|Preston|Preston.Bruen|207-371-7396|768188147_36838|5|
75|Wuckert|Ronnie|Ronnie.Wuckert16|362-627-9084 x61864|768188147_36838|5|
76|Daniel|Joann|Joann_Daniel15|703-620-4777|768188147_36838|5|
77|Stamm|Allan|Allan24|882.309.2611|637291917_68941|2|
78|Turcotte|Marcus|Marcus_Turcotte|1-991-710-2330|637291917_68941|2|
79|Gislason|Cathy|Cathy_Gislason|1-236-462-8374 x10757|637291917_68941|2|
80|Tromp|Jake|Jake_Tromp|(710) 914-9097 x6279|637291917_68941|2|
81|Sipes|Joanne|Joanne.Sipes|608.308.0429 x103|637291917_68941|2|
82|Shanahan|Silvia|Silvia54|421.360.0375 x86090|637291917_68941|2|
83|Hettinger|Margaret|Margaret.Hettinger5|240.453.3279|637291917_68941|2|
84|Hills|Randy|Randy_Hills4|(277) 476-6689 x44240|637291917_68941|2|
85|Hand|Francis|Francis.Hand80|974-278-7066 x0946|124335939_44517|3|
86|O'Connell|Toby|Toby_OConnell|1-879-841-2474|124335939_44517|3|
87|Schaefer|Oliver|Oliver.Schaefer94|713.390.4701 x158|124335939_44517|3|
88|Huels|Ramon|Ramon_Huels|1-299-261-8383 x4357|124335939_44517|3|
89|Smith|Winston|Winston80|1-845-535-6554|124335939_44517|3|
90|Blick|Dominick|Dominick.Blick24|(415) 688-8880 x999|124335939_44517|3|
91|Klein|Anthony|Anthony_Klein27|(402) 872-5968 x961|124335939_44517|3|
92|Gleason|Rex|Rex_Gleason14|834-819-7886|124335939_44517|3|
93|Kilback|Colleen|Colleen_Kilback|372.326.2800 x7905|124335939_44517|3|
94|Kilback|Juan|Juan54|1-970-622-3655 x4625|411379960_20092|4|
95|Fahey|Martin|Martin_Fahey47|548.291.5423|411379960_20092|4|
96|O'Conner|Lana|Lana_OConner|966.360.0804|411379960_20092|4|
97|Wintheiser|Dexter|Dexter.Wintheiser|767.832.5895 x63710|411379960_20092|4|
98|Vandervort|Desiree|Desiree.Vandervort|672-543-4619|411379960_20092|4|
99|Lynch|Nelson|Nelson_Lynch14|(379) 319-0034|411379960_20092|4|
